row_num,csv_company,csv_city,csv_state,action,match_type,lead_id,account_id,match_reason,fields_updated,fields_skipped,notes_appended,conflict_note
1,Shelter Bay Marina (West Kelowna),West Kelowna,British Columbia,SKIP,Skipped,,,hard-blocked,(none),(none),No,"HARD BLOCKED: ""Shelter Bay Marina (West Kelowna)"" is on the permanent exclusion list"
2,AHOUSAHT HARBOUR AUTHORITY,Regional District of Alberni-Clayoquot,British Columbia,CONFLICT_REVIEW,Both,10279,247,name+province,street_address=General Delivery | postal_zip=V0R 1A0 | country=Canada,city(db:Regional District of Alberni-Clayoq) | state_province(db:British Columbia),Yes,Lead #10279 also matches — review for merge
3,Alder Bay RV Park & Marina,Regional District of Mount Waddington,British Columbia,CONFLICT_REVIEW,Both,10280,248,name+province,street_address=1 Alder Bay Road | postal_zip=V0N 2R0 | country=Canada,city(db:Regional District of Mount Waddingt) | state_province(db:British Columbia),Yes,Lead #10280 also matches — review for merge
4,Alert Bay Harbour,Regional District of Mount Waddington,British Columbia,CONFLICT_REVIEW,Both,10281,249,name+province,country=Canada,city(db:Regional District of Mount Waddingt) | state_province(db:British Columbia),Yes,Lead #10281 also matches — review for merge
5,Anchorage Marina Village,Regional District of Nanaimo,British Columbia,CONFLICT_REVIEW,Both,10282,250,name+province,street_address=BC-1 | postal_zip=V9S 4E1 | country=Canada,city(db:Regional District of Nanaimo) | state_province(db:British Columbia),Yes,Lead #10282 also matches — review for merge
6,Anglers Anchorage Marina,Brentwood Bay,British Columbia,CONFLICT_REVIEW,Both,10283,251,name+province,country=Canada,city(db:Brentwood Bay) | state_province(db:British Columbia),Yes,Lead #10283 also matches — review for merge
7,April Point Marina,Strathcona Regional District,British Columbia,CONFLICT_REVIEW,Both,10284,252,name+province,country=Canada,city(db:Strathcona Regional District) | state_province(db:British Columbia),Yes,Lead #10284 also matches — review for merge
8,Backeddy Resort & Marina,Sunshine Coast Regional District,British Columbia,CONFLICT_REVIEW,Both,10286,253,name+province,country=Canada,city(db:Sunshine Coast Regional District) | state_province(db:British Columbia),Yes,Lead #10286 also matches — review for merge
9,Bamfield East Dock,Regional District of Alberni-Clayoquot,British Columbia,CONFLICT_REVIEW,Both,10287,254,name+province,country=Canada,city(db:Regional District of Alberni-Clayoq) | state_province(db:British Columbia),Yes,Lead #10287 also matches — review for merge
10,Bathgate's Store & Marina,Sunshine Coast Regional District,British Columbia,CONFLICT_REVIEW,Both,10288,255,name+province,country=Canada,city(db:Sunshine Coast Regional District) | state_province(db:British Columbia),Yes,Lead #10288 also matches — review for merge
11,Bayshore West Marina,Metro Vancouver Regional District,British Columbia,CONFLICT_REVIEW,Both,10289,256,name+province,country=Canada,city(db:Metro Vancouver Regional District) | state_province(db:British Columbia),Yes,Lead #10289 also matches — review for merge
12,Beach Gardens Resort & Marina,Powell River Regional District,British Columbia,CONFLICT_REVIEW,Both,10290,257,name+province,country=Canada,city(db:Powell River Regional District) | state_province(db:British Columbia),Yes,Lead #10290 also matches — review for merge
13,Becher Bay Marina Ltd,Capital Regional District,British Columbia,CONFLICT_REVIEW,Both,10291,258,name+province,street_address=241 Becher Bay Rd | postal_zip=V9Z 1B7 | country=Canada,city(db:Capital Regional District) | state_province(db:British Columbia),Yes,Lead #10291 also matches — review for merge
14,Bella Coola Harbour,Central Coast Regional District,British Columbia,CONFLICT_REVIEW,Both,10292,259,name+province,country=Canada,city(db:Central Coast Regional District) | state_province(db:British Columbia),Yes,Lead #10292 also matches — review for merge
15,Black Rock Landing,Regional District of Alberni-Clayoquot,British Columbia,CONFLICT_REVIEW,Both,10293,275,name+province,country=Canada,city(db:Regional District of Alberni-Clayoq) | state_province(db:British Columbia),Yes,Lead #10293 also matches — review for merge
16,Blind Channel Resort,Strathcona Regional District,British Columbia,CONFLICT_REVIEW,Both,10294,276,name+province,country=Canada,city(db:Strathcona Regional District) | state_province(db:British Columbia),Yes,Lead #10294 also matches — review for merge
17,Blind Channel Resort- Marina,Strathcona Regional District,British Columbia,SKIP,Skipped,10294,276,name+province,(none),(none),No,DUPLICATE PAIR: Lead #10294 + Account #276 already handled by an earlier CSV row
18,Bliss Landing Private Estates & Marina,Powell River Regional District,British Columbia,CONFLICT_REVIEW,Both,10296,278,name+province,country=Canada,city(db:Powell River Regional District) | state_province(db:British Columbia),Yes,Lead #10296 also matches — review for merge
19,Blue Heron Marina Ltd,Squamish-Lillooet Regional District,British Columbia,CONFLICT_REVIEW,Both,10297,279,name+province,street_address=1476 Pemberton Ave | postal_zip=V8B 0K2 | country=Canada,city(db:Squamish-Lillooet Regional District) | state_province(db:British Columbia),Yes,Lead #10297 also matches — review for merge
20,Bluenose Marina,Cowichan Valley Regional District,British Columbia,CONFLICT_REVIEW,Both,10298,280,name+province,street_address=1765 Cowichan Bay Rd | postal_zip=V0R 1N0 | country=Canada,city(db:Cowichan Valley Regional District) | state_province(db:British Columbia),Yes,Lead #10298 also matches — review for merge
21,Bowen Island Marina & The Pier,Metro Vancouver Regional District,British Columbia,CONFLICT_REVIEW,Both,10299,281,name+province,country=Canada,city(db:Metro Vancouver Regional District) | state_province(db:British Columbia),Yes,Lead #10299 also matches — review for merge
22,Brentwood Bay Resort,Brentwood Bay,British Columbia,CONFLICT_REVIEW,Both,10300,282,name+province,country=Canada,city(db:Brentwood Bay) | state_province(db:British Columbia),Yes,Lead #10300 also matches — review for merge
23,Bridges Marina,Delta,British Columbia,CONFLICT_REVIEW,Both,10301,283,name+province,country=Canada,city(db:Delta) | state_province(db:British Columbia),Yes,Lead #10301 also matches — review for merge
24,Burrard Civic Marina,Metro Vancouver Regional District,British Columbia,CONFLICT_REVIEW,Both,10302,284,name+province,country=Canada,city(db:Metro Vancouver Regional District) | state_province(db:British Columbia),Yes,Lead #10302 also matches — review for merge
25,Burrard Yacht Club,Metro Vancouver Regional District,British Columbia,CONFLICT_REVIEW,Both,10303,285,name+province,country=Canada,city(db:Metro Vancouver Regional District) | state_province(db:British Columbia),Yes,Lead #10303 also matches — review for merge
26,Canadian Princess Marina,Regional District of Alberni-Clayoquot,British Columbia,CONFLICT_REVIEW,Both,10304,286,name+province,country=Canada,city(db:Regional District of Alberni-Clayoq) | state_province(db:British Columbia),Yes,Lead #10304 also matches — review for merge
27,Canoe Cove Marina & Boatyard,Capital Regional District,British Columbia,CONFLICT_REVIEW,Both,10305,287,name+province,country=Canada,city(db:Capital Regional District) | state_province(db:British Columbia),Yes,Lead #10305 also matches — review for merge
28,Capital City Yacht Club,Capital Regional District,British Columbia,CONFLICT_REVIEW,Both,10306,288,name+province,country=Canada,city(db:Capital Regional District) | state_province(db:British Columbia),Yes,Lead #10306 also matches — review for merge
29,Captain's Cove Marina - Work Yard,Metro Vancouver Regional District,British Columbia,CONFLICT_REVIEW,Both,10307,289,name+province,country=Canada,city(db:Metro Vancouver Regional District) | state_province(db:British Columbia),Yes,Lead #10307 also matches — review for merge
30,Cedar Grove Marina & Custom Yacht Sales,Capital Regional District,British Columbia,CONFLICT_REVIEW,Both,10308,290,name+province,country=Canada,city(db:Capital Regional District) | state_province(db:British Columbia),Yes,Lead #10308 also matches — review for merge
31,Centennial Park Boat Launch & Moorage,Regional District of Alberni-Clayoquot,British Columbia,CONFLICT_REVIEW,Both,10309,291,name+province,country=Canada,city(db:Regional District of Alberni-Clayoq) | state_province(db:British Columbia),Yes,Lead #10309 also matches — review for merge
32,Centennial Pier -Port Alberni,Regional District of Alberni-Clayoquot,British Columbia,CONFLICT_REVIEW,Both,10310,292,name+province,country=Canada,city(db:Regional District of Alberni-Clayoq) | state_province(db:British Columbia),Yes,Lead #10310 also matches — review for merge
33,Cheanuh Marina,Capital Regional District,British Columbia,CONFLICT_REVIEW,Both,10311,293,name+province,street_address=4901B East Sooke Rd | country=Canada,city(db:Capital Regional District) | state_province(db:British Columbia),Yes,Lead #10311 also matches — review for merge
34,Cherry Point Marina,Cowichan Valley Regional District,British Columbia,CONFLICT_REVIEW,Both,10312,294,name+province,street_address=1241 Sutherland Dr | postal_zip=V0R 1N2 | country=Canada,city(db:Cowichan Valley Regional District) | state_province(db:British Columbia),Yes,Lead #10312 also matches — review for merge
35,China Creek Campground and Marina,Regional District of Alberni-Clayoquot,British Columbia,CONFLICT_REVIEW,Both,10313,295,name+province,country=Canada,city(db:Regional District of Alberni-Clayoq) | state_province(db:British Columbia),Yes,Lead #10313 also matches — review for merge
36,Clutesi Haven Marina,Regional District of Alberni-Clayoquot,British Columbia,CONFLICT_REVIEW,Both,10314,296,name+province,country=Canada,city(db:Regional District of Alberni-Clayoq) | state_province(db:British Columbia),Yes,Lead #10314 also matches — review for merge
37,Coal Harbour Marina,Metro Vancouver Regional District,British Columbia,CONFLICT_REVIEW,Both,10315,297,name+province,street_address=1525 Coal Harbour Quay | postal_zip=V6G 3E7 | country=Canada,city(db:Metro Vancouver Regional District) | state_province(db:British Columbia),Yes,Lead #10315 also matches — review for merge
38,Coast Marina,Strathcona Regional District,British Columbia,CONFLICT_REVIEW,Both,10316,298,name+province,country=Canada,city(db:Strathcona Regional District) | state_province(db:British Columbia),Yes,Lead #10316 also matches — review for merge
39,Coast Victoria Hotel & Marina,Capital Regional District,British Columbia,CONFLICT_REVIEW,Both,10317,299,name+province,street_address=146 Kingston St | postal_zip=V8V 1V4 | country=Canada,city(db:Capital Regional District) | state_province(db:British Columbia),Yes,Lead #10317 also matches — review for merge
40,Coho Marina Resort,Sunshine Coast Regional District,British Columbia,CONFLICT_REVIEW,Both,10318,300,name+province,country=Canada,city(db:Sunshine Coast Regional District) | state_province(db:British Columbia),Yes,Lead #10318 also matches — review for merge
41,Comox Municipal Marina,Comox Valley Regional District,British Columbia,CONFLICT_REVIEW,Both,10319,301,name+province,street_address=121 Port Augusta St | postal_zip=V9M 3N8 | country=Canada,city(db:Comox Valley Regional District) | state_province(db:British Columbia),Yes,Lead #10319 also matches — review for merge
42,Comox Valley Harbour Authority,Comox Valley Regional District,British Columbia,CONFLICT_REVIEW,Both,10320,302,name+province,country=Canada,city(db:Comox Valley Regional District) | state_province(db:British Columbia),Yes,Lead #10320 also matches — review for merge
43,Cowbay Harbour,Skeena-Queen Charlotte Regional District,British Columbia,CONFLICT_REVIEW,Both,10321,303,name+province,country=Canada,city(db:Skeena-Queen Charlotte Regional Dis) | state_province(db:British Columbia),Yes,Lead #10321 also matches — review for merge
44,Cowichan Bay Fishermen's Wharf Assn,Cowichan Valley Regional District,British Columbia,CONFLICT_REVIEW,Both,10322,304,name+province,street_address=1699 Cowichan Bay Rd | postal_zip=V0R 1N0 | country=Canada,city(db:Cowichan Valley Regional District) | state_province(db:British Columbia),Yes,Lead #10322 also matches — review for merge
45,Cowichan Bay Marina Ltd,Cowichan Valley Regional District,British Columbia,CONFLICT_REVIEW,Both,10323,305,name+province,street_address=1721 Cowichan Bay Rd | postal_zip=V0R 1N0 | country=Canada,city(db:Cowichan Valley Regional District) | state_province(db:British Columbia),Yes,Lead #10323 also matches — review for merge
46,Crescent Beach Marina,Metro Vancouver Regional District,British Columbia,CONFLICT_REVIEW,Both,10324,306,name+province,country=Canada,city(db:Metro Vancouver Regional District) | state_province(db:British Columbia),Yes,Lead #10324 also matches — review for merge
47,Critter Cove Marina,Strathcona Regional District,British Columbia,CONFLICT_REVIEW,Both,10325,307,name+province,country=Canada,city(db:Strathcona Regional District) | state_province(db:British Columbia),Yes,Lead #10325 also matches — review for merge
48,Crofton Harbour,Cowichan Valley Regional District,British Columbia,CONFLICT_REVIEW,Both,10326,308,name+province,country=Canada,city(db:Cowichan Valley Regional District) | state_province(db:British Columbia),Yes,Lead #10326 also matches — review for merge
49,Dawsons Landing Marina,Central Coast Regional District,British Columbia,CONFLICT_REVIEW,Both,10327,309,name+province,country=Canada,city(db:Central Coast Regional District) | state_province(db:British Columbia),Yes,Lead #10327 also matches — review for merge
50,DEEP BAY MARINA,Regional District of Nanaimo,British Columbia,CONFLICT_REVIEW,Both,10328,310,name+province,country=Canada,city(db:Regional District of Nanaimo) | state_province(db:British Columbia),Yes,Lead #10328 also matches — review for merge
51,Deep Cove Marina,Capital Regional District,British Columbia,CONFLICT_REVIEW,Both,10329,311,name+province,country=Canada,city(db:Capital Regional District) | state_province(db:British Columbia),Yes,Lead #10329 also matches — review for merge
52,DEEP COVE NORTH SHORE MARINA,North Vancouver,British Columbia,CONFLICT_REVIEW,Both,10330,312,name+province,street_address=10990 Madrona Dr | postal_zip=V7G 1B8 | country=Canada,city(db:North Vancouver) | state_province(db:British Columbia),Yes,Lead #10330 also matches — review for merge
53,Degnen Bay Government Wharf,Regional District of Nanaimo,British Columbia,CONFLICT_REVIEW,Both,10331,313,name+province,country=Canada,city(db:Regional District of Nanaimo) | state_province(db:British Columbia),Yes,Lead #10331 also matches — review for merge
54,DelKatla Slough Harbour Authority,Skeena-Queen Charlotte Regional District,British Columbia,CONFLICT_REVIEW,Both,10332,314,name+province,country=Canada,city(db:Skeena-Queen Charlotte Regional Dis) | state_province(db:British Columbia),Yes,Lead #10332 also matches — review for merge
55,Denham Bay Wilderness Retreat,Strathcona Regional District,British Columbia,CONFLICT_REVIEW,Both,10333,315,name+province,country=Canada,city(db:Strathcona Regional District) | state_province(db:British Columbia),Yes,Lead #10333 also matches — review for merge
56,Dent Island Lodge,Strathcona Regional District,British Columbia,CONFLICT_REVIEW,Both,10334,316,name+province,country=Canada,city(db:Strathcona Regional District) | state_province(db:British Columbia),Yes,Lead #10334 also matches — review for merge
57,Discovery Harbour Authority,Strathcona Regional District,British Columbia,CONFLICT_REVIEW,Both,10335,317,name+province,country=Canada,city(db:Strathcona Regional District) | state_province(db:British Columbia),Yes,Lead #10335 also matches — review for merge
58,Duncanby Lodge & Marina,Central Coast Regional District,British Columbia,CONFLICT_REVIEW,Both,10336,318,name+province,country=Canada,city(db:Central Coast Regional District) | state_province(db:British Columbia),Yes,Lead #10336 also matches — review for merge
59,"Duncanby Lodge & Marina, Rivers Inlet, BC",Central Coast Regional District,British Columbia,CONFLICT_REVIEW,Both,10337,319,name+province,country=Canada,city(db:Central Coast Regional District) | state_province(db:British Columbia),Yes,Lead #10337 also matches — review for merge
60,Eagle Nook Resort,Regional District of Alberni-Clayoquot,British Columbia,CONFLICT_REVIEW,Both,10338,320,name+province,country=Canada,city(db:Regional District of Alberni-Clayoq) | state_province(db:British Columbia),Yes,Lead #10338 also matches — review for merge
61,Echo Bay Marina and Lodge Status,Echo Bay,British Columbia,CONFLICT_REVIEW,Both,10339,321,name+province,country=Canada,city(db:Echo Bay) | state_province(db:British Columbia),Yes,Lead #10339 also matches — review for merge
62,Fair Harbour Marina and Campground,Strathcona Regional District,British Columbia,CONFLICT_REVIEW,Both,10340,322,name+province,country=Canada,city(db:Strathcona Regional District) | state_province(db:British Columbia),Yes,Lead #10340 also matches — review for merge
63,Fairwinds Marina,Regional District of Nanaimo,British Columbia,CONFLICT_REVIEW,Both,10341,323,name+province,street_address=3521 Dolphin Dr | postal_zip=V9P 9K1 | country=Canada,city(db:Regional District of Nanaimo) | state_province(db:British Columbia),Yes,Lead #10341 also matches — review for merge
64,False Creek Harbour Authority - Fishermen's Wharf,Metro Vancouver Regional District,British Columbia,CONFLICT_REVIEW,Both,10342,324,name+province,country=Canada,city(db:Metro Vancouver Regional District) | state_province(db:British Columbia),Yes,Lead #10342 also matches — review for merge
65,False Creek Yacht Club,Metro Vancouver Regional District,British Columbia,CONFLICT_REVIEW,Both,10343,325,name+province,street_address=1661 Granville St | postal_zip=V6Z 1L8 | country=Canada,city(db:Metro Vancouver Regional District) | state_province(db:British Columbia),Yes,Lead #10343 also matches — review for merge
66,Fisherman's Wharf,Strathcona Regional District,British Columbia,CONFLICT_REVIEW,Both,10344,326,name+province,country=Canada,city(db:Strathcona Regional District) | state_province(db:British Columbia),Yes,Lead #10344 also matches — review for merge
67,Fishermen's Harbour -Port Alberni,Regional District of Alberni-Clayoquot,British Columbia,CONFLICT_REVIEW,Both,10345,327,name+province,country=Canada,city(db:Regional District of Alberni-Clayoq) | state_province(db:British Columbia),Yes,Lead #10345 also matches — review for merge
68,Ford Cove Harbour Authority,Comox Valley Regional District,British Columbia,CONFLICT_REVIEW,Both,10346,328,name+province,country=Canada,city(db:Comox Valley Regional District) | state_province(db:British Columbia),Yes,Lead #10346 also matches — review for merge
69,Freshwater Marina,Strathcona Regional District,British Columbia,CONFLICT_REVIEW,Both,10347,329,name+province,country=Canada,city(db:Strathcona Regional District) | state_province(db:British Columbia),Yes,Lead #10347 also matches — review for merge
70,Gallaugher's Sports Fishing Camp,Capital Regional District,British Columbia,CONFLICT_REVIEW,Both,10348,330,name+province,country=Canada,city(db:Capital Regional District) | state_province(db:British Columbia),Yes,Lead #10348 also matches — review for merge
71,Ganges Centennial Harbour,Capital Regional District,British Columbia,CONFLICT_REVIEW,Both,10349,331,name+province,country=Canada,city(db:Capital Regional District) | state_province(db:British Columbia),Yes,Lead #10349 also matches — review for merge
72,Ganges Kanaka Harbour,Capital Regional District,British Columbia,CONFLICT_REVIEW,Both,10350,332,name+province,country=Canada,city(db:Capital Regional District) | state_province(db:British Columbia),Yes,Lead #10350 also matches — review for merge
73,Ganges Marina & Fuel Dock,Capital Regional District,British Columbia,CONFLICT_REVIEW,Both,10351,333,name+province,street_address=161 Lower Ganges Rd | postal_zip=V8K 2T2 | country=Canada,city(db:Capital Regional District) | state_province(db:British Columbia),Yes,Lead #10351 also matches — review for merge
74,Genoa Bay Marina,Cowichan Valley Regional District,British Columbia,CONFLICT_REVIEW,Both,10352,334,name+province,street_address=5000 Genoa Bay Rd | postal_zip=V9L 5Y6 | country=Canada,city(db:Cowichan Valley Regional District) | state_province(db:British Columbia),Yes,Lead #10352 also matches — review for merge
75,Gibsons Landing Harbour Authority,Sunshine Coast Regional District,British Columbia,CONFLICT_REVIEW,Both,10353,335,name+province,country=Canada,city(db:Sunshine Coast Regional District) | state_province(db:British Columbia),Yes,Lead #10353 also matches — review for merge
76,Gibsons Marina,Sunshine Coast Regional District,British Columbia,CONFLICT_REVIEW,Both,10354,336,name+province,street_address=675 Prowse Rd | postal_zip=V0N 1V0 | country=Canada,city(db:Sunshine Coast Regional District) | state_province(db:British Columbia),Yes,Lead #10354 also matches — review for merge
77,Goldstream Boathouse Marina,Capital Regional District,British Columbia,CONFLICT_REVIEW,Both,10355,337,name+province,country=Canada,city(db:Capital Regional District) | state_province(db:British Columbia),Yes,Lead #10355 also matches — review for merge
78,Gorge Harbour Marina,Strathcona Regional District,British Columbia,CONFLICT_REVIEW,Both,10356,338,name+province,country=Canada,city(db:Strathcona Regional District) | state_province(db:British Columbia),Yes,Lead #10356 also matches — review for merge
79,Great Central Lake Rv Resort & Marina,Regional District of Alberni-Clayoquot,British Columbia,CONFLICT_REVIEW,Both,10357,339,name+province,country=Canada,city(db:Regional District of Alberni-Clayoq) | state_province(db:British Columbia),Yes,Lead #10357 also matches — review for merge
80,Harbour Authority of French Creek,Regional District of Nanaimo,British Columbia,CONFLICT_REVIEW,Both,10358,340,name+province,country=Canada,city(db:Regional District of Nanaimo) | state_province(db:British Columbia),Yes,Lead #10358 also matches — review for merge
81,Harbour Authority of Pender Harbou-Secret Cove,Sunshine Coast Regional District,British Columbia,CONFLICT_REVIEW,Both,10359,341,name+province,country=Canada,city(db:Sunshine Coast Regional District) | state_province(db:British Columbia),Yes,Lead #10359 also matches — review for merge
82,Harbour Authority of Pender Harbour-Hospital Bay,Sunshine Coast Regional District,British Columbia,CONFLICT_REVIEW,Both,10360,342,name+province,country=Canada,city(db:Sunshine Coast Regional District) | state_province(db:British Columbia),Yes,Lead #10360 also matches — review for merge
83,Harbour Authority of Pender Harbour-Whiskey Slough,Sunshine Coast Regional District,British Columbia,CONFLICT_REVIEW,Both,10361,343,name+province,country=Canada,city(db:Sunshine Coast Regional District) | state_province(db:British Columbia),Yes,Lead #10361 also matches — review for merge
84,Harbour Authority of Pender- Madeira Park,Sunshine Coast Regional District,British Columbia,CONFLICT_REVIEW,Both,10362,344,name+province,country=Canada,city(db:Sunshine Coast Regional District) | state_province(db:British Columbia),Yes,Lead #10362 also matches — review for merge
85,Harbour Haven,Capital Regional District,British Columbia,CONFLICT_REVIEW,Both,10363,345,name+province,street_address=2270 Harbour Rd | postal_zip=V8L 2P6 | country=Canada,city(db:Capital Regional District) | state_province(db:British Columbia),Yes,Lead #10363 also matches — review for merge
86,Harbour Quay Marina - Port Albertini,Regional District of Alberni-Clayoquot,British Columbia,CONFLICT_REVIEW,Both,10364,346,name+province,country=Canada,city(db:Regional District of Alberni-Clayoq) | state_province(db:British Columbia),Yes,Lead #10364 also matches — review for merge
87,Harbourside Lodge,Regional District of Alberni-Clayoquot,British Columbia,CONFLICT_REVIEW,Both,10365,347,name+province,country=Canada,city(db:Regional District of Alberni-Clayoq) | state_province(db:British Columbia),Yes,Lead #10365 also matches — review for merge
88,Hartley Bay,Skeena-Queen Charlotte Regional District,British Columbia,CONFLICT_REVIEW,Both,10366,348,name+province,country=Canada,city(db:Skeena-Queen Charlotte Regional Dis) | state_province(db:British Columbia),Yes,Lead #10366 also matches — review for merge
89,Heather Civic Marina,Metro Vancouver Regional District,British Columbia,CONFLICT_REVIEW,Both,10367,349,name+province,country=Canada,city(db:Metro Vancouver Regional District) | state_province(db:British Columbia),Yes,Lead #10367 also matches — review for merge
90,Heriot Bay harbour,Strathcona Regional District,British Columbia,CONFLICT_REVIEW,Both,10368,350,name+province,country=Canada,city(db:Strathcona Regional District) | state_province(db:British Columbia),Yes,Lead #10368 also matches — review for merge
91,HERIOT BAY INN marina,Strathcona Regional District,British Columbia,CONFLICT_REVIEW,Both,10369,351,name+province,country=Canada,city(db:Strathcona Regional District) | state_province(db:British Columbia),Yes,Lead #10369 also matches — review for merge
92,Heritage Harbour Marina,Vancouver,British Columbia,CONFLICT_REVIEW,Both,10370,352,name+province,country=Canada,city(db:Vancouver) | state_province(db:British Columbia),Yes,Lead #10370 also matches — review for merge
93,Hidden Harbour- Victoria,Capital Regional District,British Columbia,CONFLICT_REVIEW,Both,10371,353,name+province,country=Canada,city(db:Capital Regional District) | state_province(db:British Columbia),Yes,Lead #10371 also matches — review for merge
94,Inner Harbour Causeway / Ship Point,Capital Regional District,British Columbia,CONFLICT_REVIEW,Both,10372,354,name+province,country=Canada,city(db:Capital Regional District) | state_province(db:British Columbia),Yes,Lead #10372 also matches — review for merge
95,Island West Resort,Regional District of Alberni-Clayoquot,British Columbia,CONFLICT_REVIEW,Both,10373,355,name+province,country=Canada,city(db:Regional District of Alberni-Clayoq) | state_province(db:British Columbia),Yes,Lead #10373 also matches — review for merge
96,JENNIS BAY MARINA,Regional District of Mount Waddington,British Columbia,CONFLICT_REVIEW,Both,10374,356,name+province,country=Canada,city(db:Regional District of Mount Waddingt) | state_province(db:British Columbia),Yes,Lead #10374 also matches — review for merge
97,Jeune Landing Marina,Regional District of Mount Waddington,British Columbia,CONFLICT_REVIEW,Both,10375,357,name+province,street_address=Port Alice | postal_zip=V0N 2N0 | country=Canada,city(db:Regional District of Mount Waddingt) | state_province(db:British Columbia),Yes,Lead #10375 also matches — review for merge
98,John Henry's Marina & Resort,Sunshine Coast Regional District,British Columbia,CONFLICT_REVIEW,Both,10376,358,name+province,country=Canada,city(db:Sunshine Coast Regional District) | state_province(db:British Columbia),Yes,Lead #10376 also matches — review for merge
99,Kelsey Bay Marina,Strathcona Regional District,British Columbia,CONFLICT_REVIEW,Both,10377,359,name+province,country=Canada,city(db:Strathcona Regional District) | state_province(db:British Columbia),Yes,Lead #10377 also matches — review for merge
100,"Kelsey Bay Small Craft Harbour, DFO",Strathcona Regional District,British Columbia,CONFLICT_REVIEW,Both,10378,360,name+province,country=Canada,city(db:Strathcona Regional District) | state_province(db:British Columbia),Yes,Lead #10378 also matches — review for merge
101,Kwatsi Bay,Regional District of Mount Waddington,British Columbia,CONFLICT_REVIEW,Both,10379,361,name+province,country=Canada,city(db:Regional District of Mount Waddingt) | state_province(db:British Columbia),Yes,Lead #10379 also matches — review for merge
102,Ladner Harbour Authority-Ladner Harbour Boat Basin,Delta,British Columbia,CONFLICT_REVIEW,Both,10380,362,name+province,country=Canada,city(db:Delta) | state_province(db:British Columbia),Yes,Lead #10380 also matches — review for merge
103,Ladner Harbour-Ladner Wharf (5000 Elliott Street),Delta,British Columbia,CONFLICT_REVIEW,Both,10381,363,name+province,country=Canada,city(db:Delta) | state_province(db:British Columbia),Yes,Lead #10381 also matches — review for merge
104,Ladner Yacht Club,Delta,British Columbia,CONFLICT_REVIEW,Both,10382,364,name+province,country=Canada,city(db:Delta) | state_province(db:British Columbia),Yes,Lead #10382 also matches — review for merge
105,Ladysmith Marina,Cowichan Valley Regional District,British Columbia,CONFLICT_REVIEW,Both,10383,365,name+province,country=Canada,city(db:Cowichan Valley Regional District) | state_province(db:British Columbia),Yes,Lead #10383 also matches — review for merge
106,Lions Bay Marina,Metro Vancouver Regional District,British Columbia,CONFLICT_REVIEW,Both,10384,366,name+province,country=Canada,city(db:Metro Vancouver Regional District) | state_province(db:British Columbia),Yes,Lead #10384 also matches — review for merge
107,Little Bay Resort,Sunshine Coast Regional District,British Columbia,CONFLICT_REVIEW,Both,10385,367,name+province,country=Canada,city(db:Sunshine Coast Regional District) | state_province(db:British Columbia),Yes,Lead #10385 also matches — review for merge
108,Lund harbour,Powell River Regional District,British Columbia,CONFLICT_REVIEW,Both,10386,368,name+province,country=Canada,city(db:Powell River Regional District) | state_province(db:British Columbia),Yes,Lead #10386 also matches — review for merge
109,Lynnwood Marina & Boatyard,Metro Vancouver Regional District,British Columbia,CONFLICT_REVIEW,Both,10387,369,name+province,country=Canada,city(db:Metro Vancouver Regional District) | state_province(db:British Columbia),Yes,Lead #10387 also matches — review for merge
110,Maple Bay Marina,Cowichan Valley Regional District,British Columbia,CONFLICT_REVIEW,Both,10388,370,name+province,street_address=6145 Genoa Bay Rd | postal_zip=V9L 5T7 | country=Canada,city(db:Cowichan Valley Regional District) | state_province(db:British Columbia),Yes,Lead #10388 also matches — review for merge
111,Marble Bay Marina,Powell River Regional District,British Columbia,CONFLICT_REVIEW,Both,10389,371,name+province,country=Canada,city(db:Powell River Regional District) | state_province(db:British Columbia),Yes,Lead #10389 also matches — review for merge
112,Marina Park Marina,Capital Regional District,British Columbia,CREATE_LEAD,New Lead,,,none,(none),(none),Yes,
113,Maritime Market & Marina Ltd,Metro Vancouver Regional District,British Columbia,CONFLICT_REVIEW,Both,10391,373,name+province,country=Canada,city(db:Metro Vancouver Regional District) | state_province(db:British Columbia),Yes,Lead #10391 also matches — review for merge
114,Martins Marina,Central Coast Regional District,British Columbia,CONFLICT_REVIEW,Both,10392,374,name+province,country=Canada,city(db:Central Coast Regional District) | state_province(db:British Columbia),Yes,Lead #10392 also matches — review for merge
115,Masset Marina,Skeena-Queen Charlotte Regional District,British Columbia,CONFLICT_REVIEW,Both,10393,375,name+province,country=Canada,city(db:Skeena-Queen Charlotte Regional Dis) | state_province(db:British Columbia),Yes,Lead #10393 also matches — review for merge
116,Mill Bay Marina,Mill Bay,British Columbia,CONFLICT_REVIEW,Both,10394,376,name+province,street_address=740 Handy Rd | postal_zip=V0R 2P1 | country=Canada,city(db:Mill Bay) | state_province(db:British Columbia),Yes,Lead #10394 also matches — review for merge
117,Milltown Marina & Boatyard,Metro Vancouver Regional District,British Columbia,CONFLICT_REVIEW,Both,10395,377,name+province,street_address=9191 Bentley St | postal_zip=V6P 0B9 | country=Canada,city(db:Metro Vancouver Regional District) | state_province(db:British Columbia),Yes,Lead #10395 also matches — review for merge
118,Mission Harbour Authority,Fraser Valley,British Columbia,CONFLICT_REVIEW,Both,10396,378,name+province,country=Canada,city(db:Fraser Valley) | state_province(db:British Columbia),Yes,Lead #10396 also matches — review for merge
119,MK Bay Marina,Regional District of Kitimat-Stikine,British Columbia,CONFLICT_REVIEW,Both,10397,379,name+province,country=Canada,city(db:Regional District of Kitimat-Stikin) | state_province(db:British Columbia),Yes,Lead #10397 also matches — review for merge
120,Montague Harbour Marina,Montague Harbour,British Columbia,CONFLICT_REVIEW,Both,10398,380,name+province,country=Canada,city(db:Montague Harbour) | state_province(db:British Columbia),Yes,Lead #10398 also matches — review for merge
121,Mosquito Creek Marina,Metro Vancouver Regional District,British Columbia,CONFLICT_REVIEW,Both,10399,381,name+province,street_address=415 Esplanade W | postal_zip=V7M 1A6 | country=Canada,city(db:Metro Vancouver Regional District) | state_province(db:British Columbia),Yes,Lead #10399 also matches — review for merge
122,Newcastle Island Marine Park,Regional District of Nanaimo,British Columbia,CONFLICT_REVIEW,Both,10400,382,name+province,country=Canada,city(db:Regional District of Nanaimo) | state_province(db:British Columbia),Yes,Lead #10400 also matches — review for merge
123,Newcastle Marina Holdings Ltd,Regional District of Nanaimo,British Columbia,CONFLICT_REVIEW,Both,10401,383,name+province,country=Canada,city(db:Regional District of Nanaimo) | state_province(db:British Columbia),Yes,Lead #10401 also matches — review for merge
124,Nico Wynd Marina,Surrey,British Columbia,CONFLICT_REVIEW,Both,10402,384,name+province,street_address=3601 Nico Wynd Dr | postal_zip=V4P 1J1 | country=Canada,city(db:Surrey) | state_province(db:British Columbia),Yes,Lead #10402 also matches — review for merge
125,North Island Marina,Regional District of Mount Waddington,British Columbia,CONFLICT_REVIEW,Both,10403,385,name+province,street_address=25 Beach Dr | postal_zip=V0N 2R0 | country=Canada,city(db:Regional District of Mount Waddingt) | state_province(db:British Columbia),Yes,Lead #10403 also matches — review for merge
126,North Saanich Marina,Capital Regional District,British Columbia,CONFLICT_REVIEW,Both,10404,386,name+province,street_address=1949 Marina Way | postal_zip=V8L 6B3 | country=Canada,city(db:Capital Regional District) | state_province(db:British Columbia),Yes,Lead #10404 also matches — review for merge
127,Oak Bay Marina,Capital Regional District,British Columbia,CONFLICT_REVIEW,Both,10405,387,name+province,street_address=1327 Beach Dr | postal_zip=V8S 2N4 | country=Canada,city(db:Capital Regional District) | state_province(db:British Columbia),Yes,Lead #10405 also matches — review for merge
128,Ocean Falls Municipal Dock,Central Coast Regional District,British Columbia,CONFLICT_REVIEW,Both,10406,388,name+province,country=Canada,city(db:Central Coast Regional District) | state_province(db:British Columbia),Yes,Lead #10406 also matches — review for merge
129,Otter Bay Marina,Port Washington,British Columbia,CONFLICT_REVIEW,Both,10407,389,name+province,country=Canada,city(db:Port Washington) | state_province(db:British Columbia),Yes,Lead #10407 also matches — review for merge
130,Pacific Boulevard Marina,Vancouver,British Columbia,CONFLICT_REVIEW,Both,10408,390,name+province,country=Canada,city(db:Vancouver) | state_province(db:British Columbia),Yes,Lead #10408 also matches — review for merge
131,Pacific Playgrounds Oceanside Resort,Comox Valley Regional District,British Columbia,CONFLICT_REVIEW,Both,10409,391,name+province,country=Canada,city(db:Comox Valley Regional District) | state_province(db:British Columbia),Yes,Lead #10409 also matches — review for merge
132,Page's Inn marina,Regional District of Nanaimo,British Columbia,CONFLICT_REVIEW,Both,10410,392,name+province,country=Canada,city(db:Regional District of Nanaimo) | state_province(db:British Columbia),Yes,Lead #10410 also matches — review for merge
133,Page's Resort & Marina,Regional District of Nanaimo,British Columbia,CONFLICT_REVIEW,Both,10411,393,name+province,country=Canada,city(db:Regional District of Nanaimo) | state_province(db:British Columbia),Yes,Lead #10411 also matches — review for merge
134,Painted Boat Resort Spa & Marina,Sunshine Coast Regional District,British Columbia,CONFLICT_REVIEW,Both,10412,394,name+province,street_address=12849 Lagoon Rd | postal_zip=V0N 2H0 | country=Canada,city(db:Sunshine Coast Regional District) | state_province(db:British Columbia),Yes,Lead #10412 also matches — review for merge
135,Pedder Bay RV Resort & Marina,Capital Regional District,British Columbia,CONFLICT_REVIEW,Both,10413,395,name+province,street_address=925 Pedder Bay Dr | postal_zip=V9C 4H1 | country=Canada,city(db:Capital Regional District) | state_province(db:British Columbia),Yes,Lead #10413 also matches — review for merge
136,Pelican Bay Marina,Metro Vancouver Regional District,British Columbia,CONFLICT_REVIEW,Both,10414,396,name+province,country=Canada,city(db:Metro Vancouver Regional District) | state_province(db:British Columbia),Yes,Lead #10414 also matches — review for merge
137,Pender Harbour Hotel & Grasshopper Pub,Sunshine Coast Regional District,British Columbia,CONFLICT_REVIEW,Both,10415,397,name+province,country=Canada,city(db:Sunshine Coast Regional District) | state_province(db:British Columbia),Yes,Lead #10415 also matches — review for merge
138,Pender Harbour Resort & Marina,Sunshine Coast Regional District,British Columbia,CONFLICT_REVIEW,Both,10416,398,name+province,country=Canada,city(db:Sunshine Coast Regional District) | state_province(db:British Columbia),Yes,Lead #10416 also matches — review for merge
139,Pier 66 Marina,Cowichan Valley Regional District,British Columbia,CONFLICT_REVIEW,Both,10417,399,name+province,street_address=1745 Cowichan Bay Rd | postal_zip=V0R 1N0 | country=Canada,city(db:Cowichan Valley Regional District) | state_province(db:British Columbia),Yes,Lead #10417 also matches — review for merge
140,Pitt Meadows Marina,Coquitlam,British Columbia,CONFLICT_REVIEW,Both,10418,400,name+province,country=Canada,city(db:Coquitlam) | state_province(db:British Columbia),Yes,Lead #10418 also matches — review for merge
141,Poett Nook Marina and Campground,Regional District of Alberni-Clayoquot,British Columbia,CONFLICT_REVIEW,Both,10419,401,name+province,country=Canada,city(db:Regional District of Alberni-Clayoq) | state_province(db:British Columbia),Yes,Lead #10419 also matches — review for merge
142,Porpoise Harbour Marina Complex - PEHA,Skeena-Queen Charlotte Regional District,British Columbia,CONFLICT_REVIEW,Both,10420,402,name+province,country=Canada,city(db:Skeena-Queen Charlotte Regional Dis) | state_province(db:British Columbia),Yes,Lead #10420 also matches — review for merge
143,Port Alice \| Northern Vancouver Island,Regional District of Mount Waddington,British Columbia,CONFLICT_REVIEW,Both,10421,403,name+province,country=Canada,city(db:Regional District of Mount Waddingt) | state_province(db:British Columbia),Yes,Lead #10421 also matches — review for merge
144,Port Alice Municipal Marina-Rumble Beach Marina,Regional District of Mount Waddington,British Columbia,CONFLICT_REVIEW,Both,10422,404,name+province,country=Canada,city(db:Regional District of Mount Waddingt) | state_province(db:British Columbia),Yes,Lead #10422 also matches — review for merge
145,Port Browning Marina Resort,Capital Regional District,British Columbia,CONFLICT_REVIEW,Both,10423,405,name+province,street_address=4605 Oak Rd | postal_zip=V0N 2M1 | country=Canada,city(db:Capital Regional District) | state_province(db:British Columbia),Yes,Lead #10423 also matches — review for merge
146,Port Edward Harbour Authority,Skeena-Queen Charlotte Regional District,British Columbia,CONFLICT_REVIEW,Both,10424,406,name+province,country=Canada,city(db:Skeena-Queen Charlotte Regional Dis) | state_province(db:British Columbia),Yes,Lead #10424 also matches — review for merge
147,Port Hardy Harbour Authority,Regional District of Mount Waddington,British Columbia,CONFLICT_REVIEW,Both,10425,407,name+province,country=Canada,city(db:Regional District of Mount Waddingt) | state_province(db:British Columbia),Yes,Lead #10425 also matches — review for merge
148,Port Hardy-Seine Floats,Regional District of Mount Waddington,British Columbia,CONFLICT_REVIEW,Both,10426,408,name+province,country=Canada,city(db:Regional District of Mount Waddingt) | state_province(db:British Columbia),Yes,Lead #10426 also matches — review for merge
149,Port of Nanaimo,Regional District of Nanaimo,British Columbia,CONFLICT_REVIEW,Both,10427,409,name+province,country=Canada,city(db:Regional District of Nanaimo) | state_province(db:British Columbia),Yes,Lead #10427 also matches — review for merge
150,Port Renfrew Marina & RV Park,Capital Regional District,British Columbia,CONFLICT_REVIEW,Both,10428,410,name+province,street_address=7505 Gordon River Rd | postal_zip=V0S 1K0 | country=Canada,city(db:Capital Regional District) | state_province(db:British Columbia),Yes,Lead #10428 also matches — review for merge
151,Port Sidney Marina,Capital Regional District,British Columbia,CONFLICT_REVIEW,Both,10429,411,name+province,street_address=9835 Seaport Pl | postal_zip=V8L 4X3 | country=Canada,city(db:Capital Regional District) | state_province(db:British Columbia),Yes,Lead #10429 also matches — review for merge
152,Portside Marina,Brentwood Bay,British Columbia,CONFLICT_REVIEW,Both,10430,412,name+province,country=Canada,city(db:Brentwood Bay) | state_province(db:British Columbia),Yes,Lead #10430 also matches — review for merge
153,Powell River Westview Harbour,Powell River Regional District,British Columbia,CONFLICT_REVIEW,Both,10431,413,name+province,country=Canada,city(db:Powell River Regional District) | state_province(db:British Columbia),Yes,Lead #10431 also matches — review for merge
154,Quarterdeck & Marina Resort,Regional District of Mount Waddington,British Columbia,CONFLICT_REVIEW,Both,10432,414,name+province,country=Canada,city(db:Regional District of Mount Waddingt) | state_province(db:British Columbia),Yes,Lead #10432 also matches — review for merge
155,Quathiaski Cove harbour,Strathcona Regional District,British Columbia,CONFLICT_REVIEW,Both,10433,415,name+province,country=Canada,city(db:Strathcona Regional District) | state_province(db:British Columbia),Yes,Lead #10433 also matches — review for merge
156,Quayside Marina,Metro Vancouver Regional District,British Columbia,CONFLICT_REVIEW,Both,10434,416,name+province,country=Canada,city(db:Metro Vancouver Regional District) | state_province(db:British Columbia),Yes,Lead #10434 also matches — review for merge
157,Refuge Cove Marina,Strathcona Regional District,British Columbia,CONFLICT_REVIEW,Both,10435,417,name+province,country=Canada,city(db:Strathcona Regional District) | state_province(db:British Columbia),Yes,Lead #10435 also matches — review for merge
158,Richmond Marina,Richmond,British Columbia,CONFLICT_REVIEW,Both,10436,418,name+province,street_address=8191 River Rd | postal_zip=V6X 1X8 | country=Canada,city(db:Richmond) | state_province(db:British Columbia),Yes,Lead #10436 also matches — review for merge
159,River House Marina Ltd,Metro Vancouver Regional District,British Columbia,CONFLICT_REVIEW,Both,10437,419,name+province,country=Canada,city(db:Metro Vancouver Regional District) | state_province(db:British Columbia),Yes,Lead #10437 also matches — review for merge
160,River Rock Marina,Richmond,British Columbia,CONFLICT_REVIEW,Both,10438,420,name+province,street_address=8811 River Rd | postal_zip=V6X 3P8 | country=Canada,city(db:Richmond) | state_province(db:British Columbia),Yes,Lead #10438 also matches — review for merge
161,Royal City Marina,Delta,British Columbia,CONFLICT_REVIEW,Both,10439,421,name+province,country=Canada,city(db:Delta) | state_province(db:British Columbia),Yes,Lead #10439 also matches — review for merge
162,Royal Victoria Yacht Club,Capital Regional District,British Columbia,CONFLICT_REVIEW,Both,10440,422,name+province,street_address=3475 Ripon Rd | postal_zip=V8R 6H1 | country=Canada,city(db:Capital Regional District) | state_province(db:British Columbia),Yes,Lead #10440 also matches — review for merge
163,Royal Victoria Yacht Club - Tsehum Haven,Capital Regional District,British Columbia,CONFLICT_REVIEW,Both,10441,423,name+province,country=Canada,city(db:Capital Regional District) | state_province(db:British Columbia),Yes,Lead #10441 also matches — review for merge
164,Rushbrook Harbour,Skeena-Queen Charlotte Regional District,British Columbia,CONFLICT_REVIEW,Both,10442,424,name+province,country=Canada,city(db:Skeena-Queen Charlotte Regional Dis) | state_province(db:British Columbia),Yes,Lead #10442 also matches — review for merge
165,Sailor's Cove Marina,Capital Regional District,British Columbia,CONFLICT_REVIEW,Both,10443,425,name+province,country=Canada,city(db:Capital Regional District) | state_province(db:British Columbia),Yes,Lead #10443 also matches — review for merge
166,Salmon Point RV Resort and Marina,Comox Valley Regional District,British Columbia,CONFLICT_REVIEW,Both,10444,426,name+province,country=Canada,city(db:Comox Valley Regional District) | state_province(db:British Columbia),Yes,Lead #10444 also matches — review for merge
167,Salt Spring Marina,Capital Regional District,British Columbia,CONFLICT_REVIEW,Both,10445,427,name+province,street_address=126 Upper Ganges Rd | postal_zip=V8K 2S2 | country=Canada,city(db:Capital Regional District) | state_province(db:British Columbia),Yes,Lead #10445 also matches — review for merge
168,Sea Otter Lodge,Strathcona Regional District,British Columbia,CONFLICT_REVIEW,Both,10446,428,name+province,country=Canada,city(db:Strathcona Regional District) | state_province(db:British Columbia),Yes,Lead #10446 also matches — review for merge
169,Secret Cove Marina and Anchorage,Sunshine Coast Regional District,British Columbia,CONFLICT_REVIEW,Both,10447,429,name+province,street_address=5411 Secret Cove Rd | postal_zip=V0N 1Y2 | country=Canada,city(db:Sunshine Coast Regional District) | state_province(db:British Columbia),Yes,Lead #10447 also matches — review for merge
170,Sewell’s Marina,Metro Vancouver Regional District,British Columbia,CONFLICT_REVIEW,Both,10448,430,name+province,street_address=6409 Bay St | postal_zip=V7W 2H1 | country=Canada,city(db:Metro Vancouver Regional District) | state_province(db:British Columbia),Yes,Lead #10448 also matches — review for merge
171,Shawl Bay Marina,Shawl Bay,British Columbia,CONFLICT_REVIEW,Both,10449,431,name+province,country=Canada,city(db:Shawl Bay) | state_province(db:British Columbia),Yes,Lead #10449 also matches — review for merge
172,SHEARWATER MARINE RESORT,Central Coast Regional District,British Columbia,CONFLICT_REVIEW,Both,10450,432,name+province,country=Canada,city(db:Central Coast Regional District) | state_province(db:British Columbia),Yes,Lead #10450 also matches — review for merge
173,Shelter Island Marina & Boatyard,Metro Vancouver Regional District,British Columbia,CONFLICT_REVIEW,Both,10451,433,name+province,street_address=6911 Graybar Rd | postal_zip=V6W 1H3 | country=Canada,city(db:Metro Vancouver Regional District) | state_province(db:British Columbia),Yes,Lead #10451 also matches — review for merge
174,Silva Bay Resort & Marina Ltd,Regional District of Nanaimo,British Columbia,CONFLICT_REVIEW,Both,10452,434,name+province,country=Canada,city(db:Regional District of Nanaimo) | state_province(db:British Columbia),Yes,Lead #10452 also matches — review for merge
175,Skyline Marina,Richmond,British Columbia,CONFLICT_REVIEW,Both,10453,435,name+province,country=Canada,city(db:Richmond) | state_province(db:British Columbia),Yes,Lead #10453 also matches — review for merge
176,Sointula Harbour,Regional District of Mount Waddington,British Columbia,CONFLICT_REVIEW,Both,10454,436,name+province,country=Canada,city(db:Regional District of Mount Waddingt) | state_province(db:British Columbia),Yes,Lead #10454 also matches — review for merge
177,Sooke Harbour Authority,Capital Regional District,British Columbia,CONFLICT_REVIEW,Both,10455,437,name+province,country=Canada,city(db:Capital Regional District) | state_province(db:British Columbia),Yes,Lead #10455 also matches — review for merge
178,Sooke Harbour Marina,Capital Regional District,British Columbia,SKIP,Skipped,10455,437,name+province,(none),(none),No,DUPLICATE PAIR: Lead #10455 + Account #437 already handled by an earlier CSV row
179,Sooke Landing Marina,Capital Regional District,British Columbia,CONFLICT_REVIEW,Both,10457,439,name+province,street_address=6585 Goodmere Rd | postal_zip=V9Z 0X1 | country=Canada,city(db:Capital Regional District) | state_province(db:British Columbia),Yes,Lead #10457 also matches — review for merge
180,Sproat Lake Marina,Regional District of Alberni-Clayoquot,British Columbia,CONFLICT_REVIEW,Both,10458,440,name+province,country=Canada,city(db:Regional District of Alberni-Clayoq) | state_province(db:British Columbia),Yes,Lead #10458 also matches — review for merge
181,Spruce Harbour Marina,Metro Vancouver Regional District,British Columbia,CONFLICT_REVIEW,Both,10459,441,name+province,country=Canada,city(db:Metro Vancouver Regional District) | state_province(db:British Columbia),Yes,Lead #10459 also matches — review for merge
182,Squamish Harbour Authority,Squamish-Lillooet Regional District,British Columbia,CONFLICT_REVIEW,Both,10460,442,name+province,country=Canada,city(db:Squamish-Lillooet Regional District) | state_province(db:British Columbia),Yes,Lead #10460 also matches — review for merge
183,Starlite Marina,Regional District of Okanagan-Similkameen,British Columbia,CONFLICT_REVIEW,Both,10461,443,name+province,country=Canada,city(db:Regional District of Okanagan-Simil) | state_province(db:British Columbia),Yes,Lead #10461 also matches — review for merge
184,Steveston Harbour Authority Gulf Sitek,Richmond,British Columbia,CONFLICT_REVIEW,Both,10462,444,name+province,country=Canada,city(db:Richmond) | state_province(db:British Columbia),Yes,Lead #10462 also matches — review for merge
185,STEVESTON HARBOUR-Paramount Pond,Richmond,British Columbia,CONFLICT_REVIEW,Both,10463,445,name+province,country=Canada,city(db:Richmond) | state_province(db:British Columbia),Yes,Lead #10463 also matches — review for merge
186,Stones Marina,Regional District of Nanaimo,British Columbia,CONFLICT_REVIEW,Both,10464,446,name+province,country=Canada,city(db:Regional District of Nanaimo) | state_province(db:British Columbia),Yes,Lead #10464 also matches — review for merge
187,Sunny Shores Resort & Marina Ltd,Capital Regional District,British Columbia,CONFLICT_REVIEW,Both,10465,447,name+province,country=Canada,city(db:Capital Regional District) | state_province(db:British Columbia),Yes,Lead #10465 also matches — review for merge
188,Sunset Marina,Metro Vancouver Regional District,British Columbia,CONFLICT_REVIEW,Both,10466,448,name+province,country=Canada,city(db:Metro Vancouver Regional District) | state_province(db:British Columbia),Yes,Lead #10466 also matches — review for merge
189,Sunshine Beach PRIVATE Marina,Regional District of Nanaimo,British Columbia,CONFLICT_REVIEW,Both,10467,449,name+province,country=Canada,city(db:Regional District of Nanaimo) | state_province(db:British Columbia),Yes,Lead #10467 also matches — review for merge
190,Sunshine Coast Resort Hotel & Marina,Sunshine Coast Regional District,British Columbia,CONFLICT_REVIEW,Both,10468,450,name+province,country=Canada,city(db:Sunshine Coast Regional District) | state_province(db:British Columbia),Yes,Lead #10468 also matches — review for merge
191,Syd's Marina,Delta,British Columbia,CONFLICT_REVIEW,Both,10469,451,name+province,street_address=1220 S Dyke Rd | postal_zip=V3M 6T3 | country=Canada,city(db:Delta) | state_province(db:British Columbia),Yes,Lead #10469 also matches — review for merge
192,Telegraph Cove Resort,Regional District of Mount Waddington,British Columbia,CONFLICT_REVIEW,Both,10470,452,name+province,street_address=1610 Telegraph Cove Rd | postal_zip=V0N 3J0 | country=Canada,city(db:Regional District of Mount Waddingt) | state_province(db:British Columbia),Yes,Lead #10470 also matches — review for merge
193,Telegraph Harbour Marina,Thetis Island,British Columbia,CONFLICT_REVIEW,Both,10471,453,name+province,street_address=76 Marina Dr | postal_zip=V0R 2Y0 | country=Canada,city(db:Thetis Island) | state_province(db:British Columbia),Yes,Lead #10471 also matches — review for merge
194,Texada Boat Yard,Powell River Regional District,British Columbia,CONFLICT_REVIEW,Both,10472,454,name+province,country=Canada,city(db:Powell River Regional District) | state_province(db:British Columbia),Yes,Lead #10472 also matches — review for merge
195,The Fisherman’s Landing and Lodge,Strathcona Regional District,British Columbia,CONFLICT_REVIEW,Both,10473,455,name+province,country=Canada,city(db:Strathcona Regional District) | state_province(db:British Columbia),Yes,Lead #10473 also matches — review for merge
196,The Outpost at Winter Harbour,Regional District of Mount Waddington,British Columbia,CONFLICT_REVIEW,Both,10474,456,name+province,country=Canada,city(db:Regional District of Mount Waddingt) | state_province(db:British Columbia),Yes,Lead #10474 also matches — review for merge
197,Thetis Island Marina and Resort,Cowichan Valley Regional District,British Columbia,CONFLICT_REVIEW,Both,10475,457,name+province,street_address=46 Harbour Rd | postal_zip=V0R 2Y0 | country=Canada,city(db:Cowichan Valley Regional District) | state_province(db:British Columbia),Yes,Lead #10475 also matches — review for merge
198,Thieves Bay Marina,Capital Regional District,British Columbia,CONFLICT_REVIEW,Both,10476,458,name+province,country=Canada,city(db:Capital Regional District) | state_province(db:British Columbia),Yes,Lead #10476 also matches — review for merge
199,Thunderbird Marina,Metro Vancouver Regional District,British Columbia,CONFLICT_REVIEW,Both,10477,459,name+province,street_address=5776 Marine Dr | postal_zip=V7W 2S2 | country=Canada,city(db:Metro Vancouver Regional District) | state_province(db:British Columbia),Yes,Lead #10477 also matches — review for merge
200,Toba Wilderness,Powell River Regional District,British Columbia,CONFLICT_REVIEW,Both,10478,460,name+province,country=Canada,city(db:Powell River Regional District) | state_province(db:British Columbia),Yes,Lead #10478 also matches — review for merge
201,Tofino Harbour Authority,Regional District of Alberni-Clayoquot,British Columbia,CONFLICT_REVIEW,Both,10479,461,name+province,country=Canada,city(db:Regional District of Alberni-Clayoq) | state_province(db:British Columbia),Yes,Lead #10479 also matches — review for merge
202,Tofino Resort + Marina,Regional District of Alberni-Clayoquot,British Columbia,SKIP,Skipped,10479,461,name+province,(none),(none),No,DUPLICATE PAIR: Lead #10479 + Account #461 already handled by an earlier CSV row
203,Townsite Marina Ltd,Regional District of Nanaimo,British Columbia,CONFLICT_REVIEW,Both,10481,463,name+province,country=Canada,city(db:Regional District of Nanaimo) | state_province(db:British Columbia),Yes,Lead #10481 also matches — review for merge
204,Tuta Marina,Strathcona Regional District,British Columbia,CONFLICT_REVIEW,Both,10482,464,name+province,country=Canada,city(db:Strathcona Regional District) | state_province(db:British Columbia),Yes,Lead #10482 also matches — review for merge
205,Ucluelet Harbour,Regional District of Alberni-Clayoquot,British Columbia,CONFLICT_REVIEW,Both,10483,465,name+province,country=Canada,city(db:Regional District of Alberni-Clayoq) | state_province(db:British Columbia),Yes,Lead #10483 also matches — review for merge
206,Union Steamship Marina & Bowen Island Marina,Metro Vancouver Regional District,British Columbia,CONFLICT_REVIEW,Both,10484,466,name+province,country=Canada,city(db:Metro Vancouver Regional District) | state_province(db:British Columbia),Yes,Lead #10484 also matches — review for merge
207,Upnit Lodge & Marina,Regional District of Alberni-Clayoquot,British Columbia,CONFLICT_REVIEW,Both,10485,467,name+province,country=Canada,city(db:Regional District of Alberni-Clayoq) | state_province(db:British Columbia),Yes,Lead #10485 also matches — review for merge
208,Van Isle Marina,Capital Regional District,British Columbia,CONFLICT_REVIEW,Both,10486,468,name+province,street_address=2320 Harbour Rd | postal_zip=V8L 2P6 | country=Canada,city(db:Capital Regional District) | state_province(db:British Columbia),Yes,Lead #10486 also matches — review for merge
209,Vancouver Marina,Richmond,British Columbia,CONFLICT_REVIEW,Both,10487,469,name+province,street_address=8211 River Rd | postal_zip=V6X 1X8 | country=Canada,city(db:Richmond) | state_province(db:British Columbia),Yes,Lead #10487 also matches — review for merge
210,Vesuvius Bay,Capital Regional District,British Columbia,CONFLICT_REVIEW,Both,10488,470,name+province,country=Canada,city(db:Capital Regional District) | state_province(db:British Columbia),Yes,Lead #10488 also matches — review for merge
211,Victoria International Marina,Capital Regional District,British Columbia,CONFLICT_REVIEW,Both,10489,471,name+province,street_address=1 Cooperage Pl | postal_zip=V9A 7J9 | country=Canada,city(db:Capital Regional District) | state_province(db:British Columbia),Yes,Lead #10489 also matches — review for merge
212,Village Marina,Capital Regional District,British Columbia,CONFLICT_REVIEW,Both,10490,472,name+province,country=Canada,city(db:Capital Regional District) | state_province(db:British Columbia),Yes,Lead #10490 also matches — review for merge
213,W. E. Mills Landing & Marina,Regional District of Nanaimo,British Columbia,CONFLICT_REVIEW,Both,10491,473,name+province,country=Canada,city(db:Regional District of Nanaimo) | state_province(db:British Columbia),Yes,Lead #10491 also matches — review for merge
214,Ward's Marina,Metro Vancouver Regional District,British Columbia,CONFLICT_REVIEW,Both,10492,474,name+province,country=Canada,city(db:Metro Vancouver Regional District) | state_province(db:British Columbia),Yes,Lead #10492 also matches — review for merge
215,Waterfront Suites & Marina,Regional District of Nanaimo,British Columbia,CONFLICT_REVIEW,Both,10493,475,name+province,country=Canada,city(db:Regional District of Nanaimo) | state_province(db:British Columbia),Yes,Lead #10493 also matches — review for merge
216,West Vancouver Marina,Metro Vancouver Regional District,British Columbia,CONFLICT_REVIEW,Both,10494,476,name+province,country=Canada,city(db:Metro Vancouver Regional District) | state_province(db:British Columbia),Yes,Lead #10494 also matches — review for merge
217,West Vancouver Yacht Club,Metro Vancouver Regional District,British Columbia,SKIP,Skipped,10494,476,name+province,(none),(none),No,DUPLICATE PAIR: Lead #10494 + Account #476 already handled by an earlier CSV row
218,Westbay Marine Village,Capital Regional District,British Columbia,CONFLICT_REVIEW,Both,10496,478,name+province,street_address=453 Head St | postal_zip=V9A 5S1 | country=Canada,city(db:Capital Regional District) | state_province(db:British Columbia),Yes,Lead #10496 also matches — review for merge
219,Westport Marina,Capital Regional District,British Columbia,CONFLICT_REVIEW,Both,10497,479,name+province,country=Canada,city(db:Capital Regional District) | state_province(db:British Columbia),Yes,Lead #10497 also matches — review for merge
220,Westview Marina and Lodging,Strathcona Regional District,British Columbia,CONFLICT_REVIEW,Both,10498,480,name+province,country=Canada,city(db:Strathcona Regional District) | state_province(db:British Columbia),Yes,Lead #10498 also matches — review for merge
221,Wharf Street & Hyack,Capital Regional District,British Columbia,CONFLICT_REVIEW,Both,10499,481,name+province,country=Canada,city(db:Capital Regional District) | state_province(db:British Columbia),Yes,Lead #10499 also matches — review for merge
222,Winter Harbour Marina and RV,Regional District of Mount Waddington,British Columbia,CONFLICT_REVIEW,Both,10500,482,name+province,country=Canada,city(db:Regional District of Mount Waddingt) | state_province(db:British Columbia),Yes,Lead #10500 also matches — review for merge
223,Zeballos Fuels & Marina,Strathcona Regional District,British Columbia,CONFLICT_REVIEW,Both,10501,483,name+province,country=Canada,city(db:Strathcona Regional District) | state_province(db:British Columbia),Yes,Lead #10501 also matches — review for merge
224,Test Marina,North Vancouver,British Columbia,SKIP,Skipped,,,hard-blocked,(none),(none),No,"HARD BLOCKED: ""Test Marina"" is on the permanent exclusion list"
225,Awis Guesthouse and Marina,Regional District of Alberni-Clayoquot,British Columbia,CONFLICT_REVIEW,Both,10285,260,name+province,country=Canada,city(db:Regional District of Alberni-Clayoq) | state_province(db:British Columbia),Yes,Lead #10285 also matches — review for merge
226,Royal Vancouver Yacht Club- Coal Harbour Station,Metro Vancouver Regional District,British Columbia,CONFLICT_REVIEW,Both,10277,246,name+province,country=Canada,city(db:Metro Vancouver Regional District) | state_province(db:British Columbia),Yes,Lead #10277 also matches — review for merge
227,Buccaneer Marina,Sunshine Coast Regional District,British Columbia,CONFLICT_REVIEW,Both,10278,10969,name+province,country=Canada,city(db:Sunshine Coast Regional District) | state_province(db:British Columbia),Yes,Lead #10278 also matches — review for merge
228,Kelowna Yacht Club,Kelowna,British Columbia,CREATE_LEAD,New Lead,,,none,(none),(none),Yes,
229,Downtown Kelowna Marina,Kelowna,British Columbia,CREATE_LEAD,New Lead,,,none,(none),(none),Yes,
230,Eldorado Resort Marina / Eldorado Yacht Club,Kelowna,British Columbia,CREATE_LEAD,New Lead,,,none,(none),(none),Yes,
231,Penticton Yacht Club Marina,Penticton,British Columbia,CREATE_LEAD,New Lead,,,none,(none),(none),Yes,
232,Vernon Yacht Club,Vernon,British Columbia,CREATE_LEAD,New Lead,,,none,(none),(none),Yes,
233,Peachland Yacht Club,Peachland,British Columbia,CREATE_LEAD,New Lead,,,none,(none),(none),Yes,
234,Summerland Yacht Club,Summerland,British Columbia,CREATE_LEAD,New Lead,,,none,(none),(none),Yes,
235,Bruker Marina at Tobiano,Tobiano,British Columbia,CREATE_LEAD,New Lead,,,none,(none),(none),Yes,
236,Old Town Bay Marina,Sicamous,British Columbia,CREATE_LEAD,New Lead,,,none,(none),(none),Yes,
237,The Marina Sicamous,Sicamous,British Columbia,CREATE_LEAD,New Lead,,,none,(none),(none),Yes,
238,Splash Marina,Sicamous,British Columbia,CREATE_LEAD,New Lead,,,none,(none),(none),Yes,
239,Shuswap Waterfront Marina,Sicamous,British Columbia,CREATE_LEAD,New Lead,,,none,(none),(none),Yes,
240,Shuswap Marina,Blind Bay,British Columbia,CREATE_LEAD,New Lead,,,none,(none),(none),Yes,
241,Sea Dog Rentals & Marina,Salmon Arm,British Columbia,CREATE_LEAD,New Lead,,,none,(none),(none),Yes,
242,LR Boatworld Marina,Sorrento / Shuswap Lake,British Columbia,CREATE_LEAD,New Lead,,,none,(none),(none),Yes,
